PassNumber,Email
7000001,acanfora_7200@hotmail.com
0001,acanforaplays@gmail.com
1234,acanfora_7200@hotmail.com
5678,acanforaplays@gmail.com
00001,acanforaplays@gmail.com
01234,acanforaplays@gmail.com
04567,acanfora_7200@hotmail.com
0000025,acanforaplays@gmail.com
1005678,acanfora_7200@hotmail.com
9001234,acanfora_7200@hotmail.com
0801,acanforaplays@gmail.com
123,acanfora_7200@hotmail.com
567218,acanfora_7200@hotmail.com
0005678,acanforaplays@gmail.com
0040001,acanfora_7200@hotmail.com
0101021,acanfora_7200@hotmail.com
1003001,acanforaplays@gmail.com
0005534,acanfora_7200@hotmail.com
0333001,acanfora_7200@hotmail.com
0705678,acanforaplays@gmail.com
0032678,acanfora_7200@hotmail.com
0090234,acanfora_7200@hotmail.com
0240001,acanforaplays@gmail.com
0091201,acanfora_7200@hotmail.com